county_id,county_name
63,County 1
64,County 2
65,County 3
66,County 4
67,County 5
68,County 6
69,County 7
70,County 8
71,County 9
72,County 10
73,County 11
74,County 12
75,County 13
76,County 14
77,County 15
78,County 16
79,County 17
80,County 18
81,County 19
82,County 20
83,County 21
84,County 22
85,County 23
86,County 24
87,County 25
88,County 26
89,County 27
90,County 28
91,County 29
92,County 30
93,County 31
94,County 32
95,County 33
96,County 34
97,County 35
98,County 36
99,County 37
100,County 38
101,County 39
102,County 40
103,County 41
104,County 42
105,County 43
106,County 44
107,County 45
108,County 46
109,County 47
110,County 48
111,County 49
112,County 50
113,County 51
114,County 52
115,County 53
116,County 54
117,County 55
118,County 56
119,County 57
120,County 58
121,County 59
122,County 60
123,County 61
124,County 62
125,County 63
126,County 64
127,County 65
128,County 66
129,County 67
130,County 68
131,County 69
132,County 70
133,County 71
134,County 72
135,County 73
136,County 74
137,County 75
138,County 76
139,County 77
140,County 78
141,County 79
142,County 80
143,County 81
144,County 82
145,County 83
146,County 84
147,County 85
148,County 86
149,County 87
150,County 88
151,County 89
152,County 90
153,County 91
154,County 92
155,County 93
156,County 94
157,County 95
158,County 96
159,County 97
160,County 98
161,County 99
162,County 100
163,County 101
164,County 102
165,County 103
166,County 104
167,County 105
168,County 106
169,County 107
170,County 108
171,County 109
172,County 110
173,County 111
174,County 112
175,County 113
176,County 114
177,County 115
178,County 116
179,County 117
180,County 118
181,County 119
182,County 120
183,County 121
184,County 122
185,County 123
186,County 124
187,County 125
188,County 126
189,County 127
190,County 128
191,County 129
192,County 130
193,County 131
194,County 132
195,County 133
196,County 134
197,County 135
198,County 136
199,County 137
200,County 138
201,County 139
202,County 140
203,County 141
204,County 142
205,County 143
206,County 144
207,County 145
208,County 146
209,County 147
210,County 148
211,County 149
212,County 150
213,County 151
214,County 152
215,County 153
216,County 154
217,County 155
218,County 156
219,County 157
220,County 158
221,County 159
222,County 160
223,County 161
224,County 162
225,County 163
226,County 164
227,County 165
228,County 166
229,County 167
230,County 168
231,County 169
232,County 170
233,County 171
234,County 172
235,County 173
236,County 174
237,County 175
238,County 176
239,County 177
240,County 178
241,County 179
242,County 180
243,County 181
244,County 182
245,County 183
246,County 184
247,County 185
248,County 186
249,County 187
250,County 188
251,County 189
252,County 190
253,County 191
254,County 192
255,County 193
256,County 194
257,County 195
258,County 196
259,County 197
260,County 198
261,County 199
262,County 200
263,County 201
264,County 202
265,County 203
266,County 204
267,County 205
268,County 206
269,County 207
270,County 208
271,County 209
272,County 210
273,County 211
274,County 212
275,County 213
276,County 214
277,County 215
278,County 216
279,County 217
280,County 218
281,County 219
282,County 220
283,County 221
284,County 222
285,County 223
286,County 224
287,County 225
288,County 226
289,County 227
290,County 228
291,County 229
292,County 230
293,County 231
294,County 232
295,County 233
296,County 234
297,County 235
298,County 236
299,County 237
300,County 238
301,County 239
302,County 240
303,County 241
304,County 242
305,County 243
306,County 244
307,County 245
308,County 246
309,County 247
310,County 248
311,County 249
312,County 250
313,County 251
314,County 252
315,County 253
316,County 254
317,County 255
318,County 256
319,County 257
320,County 258
321,County 259
322,County 260
323,County 261
324,County 262
325,County 263
326,County 264
327,County 265
328,County 266
329,County 267
330,County 268
331,County 269
332,County 270
333,County 271
334,County 272
335,County 273
336,County 274
337,County 275
338,County 276
339,County 277
340,County 278
341,County 279
342,County 280
343,County 281
344,County 282
345,County 283
346,County 284
347,County 285
348,County 286
349,County 287
350,County 288
351,County 289
352,County 290
353,County 291
354,County 292
355,County 293
356,County 294
357,County 295
358,County 296
359,County 297
360,County 298
361,County 299
362,County 300
363,County 301
364,County 302
365,County 303
366,County 304
367,County 305
368,County 306
369,County 307
370,County 308
371,County 309
372,County 310
373,County 311
374,County 312
375,County 313
376,County 314
377,County 315
378,County 316
379,County 317
380,County 318
381,County 319
382,County 320
383,County 321
384,County 322
385,County 323
386,County 324
387,County 325
388,County 326
389,County 327
390,County 328
391,County 329
392,County 330
393,County 331
394,County 332
395,County 333
396,County 334
397,County 335
398,County 336
399,County 337
400,County 338
401,County 339
402,County 340
403,County 341
404,County 342
405,County 343
406,County 344
407,County 345
408,County 346
409,County 347
410,County 348
411,County 349
412,County 350
413,County 351
414,County 352
415,County 353
416,County 354
417,County 355
418,County 356
419,County 357
420,County 358
421,County 359
422,County 360
423,County 361
424,County 362
425,County 363
426,County 364
427,County 365
428,County 366
429,County 367
430,County 368
431,County 369
432,County 370
433,County 371
434,County 372
435,County 373
436,County 374
437,County 375
438,County 376
439,County 377
440,County 378
441,County 379
442,County 380
443,County 381
444,County 382
445,County 383
446,County 384
447,County 385
448,County 386
449,County 387
450,County 388
451,County 389
452,County 390
453,County 391
454,County 392
455,County 393
456,County 394
457,County 395
458,County 396
459,County 397
460,County 398
461,County 399
462,County 400
463,County 401
464,County 402
465,County 403
466,County 404
467,County 405
468,County 406
469,County 407
470,County 408
471,County 409
472,County 410
473,County 411
474,County 412
475,County 413
476,County 414
477,County 415
478,County 416
479,County 417
480,County 418
481,County 419
482,County 420
483,County 421
484,County 422
485,County 423
486,County 424
487,County 425
488,County 426
489,County 427
490,County 428
491,County 429
492,County 430
493,County 431
494,County 432
495,County 433
496,County 434
497,County 435
498,County 436
499,County 437
500,County 438
501,County 439
502,County 440
503,County 441
504,County 442
505,County 443
506,County 444
507,County 445
508,County 446
509,County 447
510,County 448
511,County 449
512,County 450
513,County 451
514,County 452
515,County 453
516,County 454
517,County 455
518,County 456
519,County 457
520,County 458
521,County 459
522,County 460
523,County 461
524,County 462
525,County 463
526,County 464
527,County 465
528,County 466
529,County 467
530,County 468
531,County 469
532,County 470
533,County 471
534,County 472
535,County 473
536,County 474
537,County 475
538,County 476
539,County 477
540,County 478
541,County 479
542,County 480
543,County 481
544,County 482
545,County 483
546,County 484
547,County 485
548,County 486
549,County 487
550,County 488
551,County 489
552,County 490
553,County 491
554,County 492
555,County 493
556,County 494
557,County 495
558,County 496
559,County 497
560,County 498
561,County 499
562,County 500
563,County 501
564,County 502
565,County 503
566,County 504
567,County 505
568,County 506
569,County 507
570,County 508
571,County 509
572,County 510
573,County 511
574,County 512
575,County 513
576,County 514
577,County 515
578,County 516
579,County 517
580,County 518
581,County 519
582,County 520
583,County 521
584,County 522
585,County 523
586,County 524
587,County 525
588,County 526
589,County 527
590,County 528
591,County 529
592,County 530
593,County 531
594,County 532
595,County 533
596,County 534
597,County 535
598,County 536
599,County 537
600,County 538
601,County 539
602,County 540
603,County 541
604,County 542
605,County 543
606,County 544
607,County 545
608,County 546
609,County 547
610,County 548
611,County 549
612,County 550
613,County 551
614,County 552
615,County 553
616,County 554
617,County 555
618,County 556
619,County 557
620,County 558
621,County 559
622,County 560
623,County 561
624,County 562
625,County 563
626,County 564
627,County 565
628,County 566
629,County 567
630,County 568
631,County 569
632,County 570
633,County 571
634,County 572
635,County 573
636,County 574
637,County 575
638,County 576
639,County 577
640,County 578
641,County 579
642,County 580
643,County 581
644,County 582
645,County 583
646,County 584
647,County 585
648,County 586
649,County 587
650,County 588
651,County 589
652,County 590
653,County 591
654,County 592
655,County 593
656,County 594
657,County 595
658,County 596
659,County 597
660,County 598
661,County 599
662,County 600
663,County 601
664,County 602
665,County 603
666,County 604
667,County 605
668,County 606
669,County 607
670,County 608
671,County 609
672,County 610
673,County 611
674,County 612
675,County 613
676,County 614
677,County 615
678,County 616
679,County 617
680,County 618
681,County 619
682,County 620
683,County 621
684,County 622
685,County 623
686,County 624
687,County 625
688,County 626
689,County 627
690,County 628
691,County 629
692,County 630
693,County 631
694,County 632
695,County 633
696,County 634
697,County 635
698,County 636
699,County 637
700,County 638
701,County 639
702,County 640
703,County 641
704,County 642
705,County 643
706,County 644
707,County 645
708,County 646
709,County 647
710,County 648
711,County 649
712,County 650
713,County 651
714,County 652
715,County 653
716,County 654
717,County 655
718,County 656
719,County 657
720,County 658
721,County 659
722,County 660
723,County 661
724,County 662
725,County 663
726,County 664
727,County 665
728,County 666
729,County 667
730,County 668
731,County 669
732,County 670
733,County 671
734,County 672
735,County 673
736,County 674
737,County 675
738,County 676
739,County 677
740,County 678
741,County 679
742,County 680
743,County 681
744,County 682
745,County 683
746,County 684
747,County 685
748,County 686
749,County 687
750,County 688
751,County 689
752,County 690
753,County 691
754,County 692
755,County 693
756,County 694
757,County 695
758,County 696
759,County 697
760,County 698
761,County 699
762,County 700
763,County 701
764,County 702
765,County 703
766,County 704
767,County 705
768,County 706
769,County 707
770,County 708
771,County 709
772,County 710
773,County 711
774,County 712
775,County 713
776,County 714
777,County 715
778,County 716
779,County 717
780,County 718
781,County 719
782,County 720
783,County 721
784,County 722
785,County 723
786,County 724
787,County 725
788,County 726
789,County 727
790,County 728
791,County 729
792,County 730
793,County 731
794,County 732
795,County 733
796,County 734
797,County 735
798,County 736
799,County 737
800,County 738
801,County 739
802,County 740
803,County 741
804,County 742
805,County 743
806,County 744
807,County 745
808,County 746
809,County 747
810,County 748
811,County 749
812,County 750
813,County 751
814,County 752
815,County 753
816,County 754
817,County 755
818,County 756
819,County 757
820,County 758
821,County 759
822,County 760
823,County 761
824,County 762
825,County 763
826,County 764
827,County 765
828,County 766
829,County 767
830,County 768
831,County 769
832,County 770
833,County 771
834,County 772
835,County 773
836,County 774
837,County 775
838,County 776
839,County 777
840,County 778
841,County 779
842,County 780
843,County 781
844,County 782
845,County 783
846,County 784
847,County 785
848,County 786
849,County 787
850,County 788
851,County 789
852,County 790
853,County 791
854,County 792
855,County 793
856,County 794
857,County 795
858,County 796
859,County 797
860,County 798
861,County 799
862,County 800
863,County 801
864,County 802
865,County 803
866,County 804
867,County 805
868,County 806
869,County 807
870,County 808
871,County 809
872,County 810
873,County 811
874,County 812
875,County 813
876,County 814
877,County 815
878,County 816
879,County 817
880,County 818
881,County 819
882,County 820
883,County 821
884,County 822
885,County 823
886,County 824
887,County 825
888,County 826
889,County 827
890,County 828
891,County 829
892,County 830
893,County 831
894,County 832
895,County 833
896,County 834
897,County 835
898,County 836
899,County 837
900,County 838
901,County 839
902,County 840
903,County 841
904,County 842
905,County 843
906,County 844
907,County 845
908,County 846
909,County 847
910,County 848
911,County 849
912,County 850
913,County 851
914,County 852
915,County 853
916,County 854
917,County 855
918,County 856
919,County 857
920,County 858
921,County 859
922,County 860
923,County 861
924,County 862
925,County 863
926,County 864
927,County 865
928,County 866
929,County 867
930,County 868
931,County 869
932,County 870
933,County 871
934,County 872
935,County 873
936,County 874
937,County 875
938,County 876
939,County 877
940,County 878
941,County 879
942,County 880
943,County 881
944,County 882
945,County 883
946,County 884
947,County 885
948,County 886
949,County 887
950,County 888
951,County 889
952,County 890
953,County 891
954,County 892
955,County 893
956,County 894
957,County 895
958,County 896
959,County 897
960,County 898
961,County 899
962,County 900
963,County 901
964,County 902
965,County 903
966,County 904
967,County 905
968,County 906
969,County 907
970,County 908
971,County 909
972,County 910
973,County 911
974,County 912
975,County 913
976,County 914
977,County 915
978,County 916
979,County 917
980,County 918
981,County 919
982,County 920
983,County 921
984,County 922
985,County 923
986,County 924
987,County 925
988,County 926
989,County 927
990,County 928
991,County 929
992,County 930
993,County 931
994,County 932
995,County 933
996,County 934
997,County 935
998,County 936
999,County 937
1000,County 938
1001,County 939
1002,County 940
1003,County 941
1004,County 942
1005,County 943
1006,County 944
1007,County 945
1008,County 946
1009,County 947
1010,County 948
1011,County 949
1012,County 950
1013,County 951
1014,County 952
1015,County 953
1016,County 954
1017,County 955
1018,County 956
1019,County 957
1020,County 958
1021,County 959
1022,County 960
1023,County 961
1024,County 962
1025,County 963
1026,County 964
1027,County 965
1028,County 966
1029,County 967
1030,County 968
1031,County 969
1032,County 970
1033,County 971
1034,County 972
1035,County 973
1036,County 974
1037,County 975
1038,County 976
1039,County 977
1040,County 978
1041,County 979
1042,County 980
1043,County 981
1044,County 982
1045,County 983
1046,County 984
1047,County 985
1048,County 986
1049,County 987
1050,County 988
1051,County 989
1052,County 990
1053,County 991
1054,County 992
1055,County 993
1056,County 994
1057,County 995
1058,County 996
1059,County 997
1060,County 998
1061,County 999
